"","names","id","overall","pace","shot","passing","dribbling","defense","physical","total_goalkeeping","nationality","team"
"1","J. Martínez",207877,82,89,80,61,79,25,75,60,"Venezuela","Atlanta United"
"2","S. Rondón",189250,78,69,77,64,69,33,82,52,"Venezuela","Dalian YiFang FC"
"3","T. Rincón",191053,77,68,59,71,76,76,80,55,"Venezuela","Torino"
"4","R. Rosales",182896,76,71,64,70,74,75,67,58,"Venezuela","CD Leganés"
"5","Y. Osorio",237297,76,56,31,44,50,74,83,51,"Venezuela",""
"6","D. Machís",210463,75,88,74,68,78,38,67,49,"Venezuela","Granada CF"
"7","W. Faríñez",228736,73,73,70,69,77,52,74,363,"Venezuela","Millonarios FC"
"8","F. Aristeguieta",212618,73,52,74,55,67,42,83,62,"Venezuela","Monarcas Morelia"
"9","J. Añor",216468,73,68,71,73,74,43,53,46,"Venezuela","Málaga CF"
"10","J. Cádiz",229319,73,67,69,52,70,31,76,41,"Venezuela","Dijon FCO"
"11","J. Savarino",238555,73,82,70,66,77,37,63,53,"Venezuela","Real Salt Lake"
"12","J. Murillo",228738,72,92,67,57,77,30,48,48,"Venezuela","CD Tondela"
"13","V. García",217085,72,77,40,60,72,68,67,52,"Venezuela","Vitória Guimarães"
"14","A. González",207876,71,82,66,65,71,67,80,55,"Venezuela","CD Mirandés"
"15","J. Hurtado",245149,71,80,68,60,71,26,72,42,"Venezuela","Boca Juniors"
"16","A. Peñaranda",231638,71,75,69,67,75,36,60,47,"Venezuela","KAS Eupen"
"17","Y. Orozco",202559,70,73,63,66,76,38,40,57,"Venezuela","Junior FC"
"18","J. Moreno",240982,70,64,57,69,63,67,72,40,"Venezuela","DC United"
"19","E. Farias",228735,70,64,72,52,61,27,77,56,"Venezuela","Junior FC"
"20","S. Córdova",239747,70,76,68,53,69,23,64,36,"Venezuela","FC Augsburg"
"21","M. Rondón",192671,70,69,67,65,70,26,74,52,"Venezuela","CFR Cluj"
"22","R. Vargas",188070,70,66,67,68,70,26,49,48,"Venezuela","KV Oostende"
"23","E. Bello",242112,70,84,61,67,69,35,54,45,"Venezuela","CD Antofagasta"
"24","A. Figuera",228116,69,67,38,61,61,69,67,45,"Venezuela",""
"25","J. Chancellor",234059,69,61,44,44,47,68,76,54,"Venezuela","Brescia"
"26","Y. Herrera",234060,69,60,60,63,65,67,70,44,"Venezuela","Granada CF"
"27","J. Kouffaty",234062,69,70,55,67,73,37,60,56,"Venezuela","Deportes Iquique"
"28","C. Santos",193169,69,65,70,66,67,41,69,50,"Venezuela","Deportivo de La Coruña"
"29","L. González",236747,69,76,64,68,71,37,58,54,"Venezuela","Junior FC"
"30","L. Seijas",172613,68,61,69,70,69,57,59,71,"Venezuela","Independiente Santa Fe"
"31","R. Romo",193359,68,65,63,62,70,37,67,327,"Venezuela","Silkeborg IF"
"32","M. Villanueva",233329,68,54,39,55,49,64,78,49,"Venezuela","Málaga CF"
"33","D. Hernández",189586,68,71,66,59,67,32,66,329,"Venezuela","CD Tenerife"
"34","A. Blondell",241874,68,71,68,52,63,33,72,57,"Venezuela","CD Huachipato"
"35","C. Cásseres Jr",242534,67,74,47,64,69,62,64,57,"Venezuela","New York Red Bulls"
"36","S. Sosa",242110,67,70,60,62,70,41,53,61,"Venezuela","AD Alcorcón"
"37","A. Uribe",246751,67,79,68,43,66,18,62,46,"Venezuela","Rionegro Águilas"
"38","E. Gallardo",251630,67,84,61,62,70,29,51,57,"Venezuela","Toronto FC"
"39","L. Del Pino Mago",246015,67,77,42,59,54,66,70,55,"Venezuela","CD Palestino"
"40","F. Signorelli",200983,66,65,53,65,65,61,70,60,"Venezuela","FC Voluntari"
"41","A. Fuenmayor",242722,66,62,25,39,39,66,69,41,"Venezuela","Houston Dynamo"
"42","R. Peña",236447,66,66,63,46,64,22,66,46,"Venezuela","Houston Dynamo"
"43","R. Zambrano",229588,66,73,56,68,70,60,65,45,"Venezuela","Portland Timbers"
"44","R. Feltscher",183819,65,61,46,61,61,63,74,59,"Venezuela","LA Galaxy"
"45","J. Hernández",239654,65,73,66,46,59,23,62,44,"Venezuela","Audax Italiano"
"46","J. Hernández",239654,65,73,66,46,59,23,62,44,"Venezuela","Atlanta United"
"47","J. Graterol",250842,65,67,71,63,65,22,67,333,"Venezuela",""
"48","J. Mejías",241128,65,66,23,37,39,66,57,41,"Venezuela","Atlético Madrid"
"49","R. Lucena",240398,64,68,56,61,65,57,58,49,"Venezuela","Jaguares de Córdoba"
"50","R. Hernández",240921,64,83,33,52,61,59,63,45,"Venezuela","Stabæk Fotball"
"51","E. Sosa",242050,64,69,59,58,68,39,56,51,"Venezuela","Columbus Crew SC"
"52","J. Pérez",242099,64,77,37,49,54,62,66,39,"Venezuela","Atlético Huila"
"53","D. Pérez",244209,64,73,56,58,66,36,64,50,"Venezuela","CD Huachipato"
"54","C. Suárez",234061,63,67,35,51,63,61,66,59,"Venezuela","Curicó Unido"
"55","J. Hernández",241958,62,72,41,55,59,57,65,55,"Venezuela","Audax Italiano"
"56","J. Hernández",241958,62,72,41,55,59,57,65,55,"Venezuela","Atlanta United"
"57","R. Arace",252996,62,79,56,56,67,25,54,47,"Venezuela","Unión Española"
"58","C. Olses",247736,62,63,60,55,65,32,60,303,"Venezuela","Racing Club"
"59","J. Ramírez",252164,61,74,60,56,60,35,46,47,"Venezuela","Coquimbo Unido"
"60","J. Vargas",247080,61,65,61,47,65,20,44,49,"Venezuela","Gimnasia y Esgrima La Plata"
"61","H. García",246737,61,78,58,57,64,32,51,58,"Venezuela","Curicó Unido"
"62","H. Pernía",243929,60,55,25,37,35,61,63,51,"Venezuela","Unión Magdalena"
"63","E. Peña Zauner",251075,58,68,52,60,63,33,49,57,"Venezuela","SV Sandhausen"
"64","B. Manzano",251909,57,58,33,51,54,55,61,43,"Venezuela","Deportes Tolima"
"65","J. Bandez",248161,57,73,49,54,59,31,53,55,"Venezuela","CD Antofagasta"
"66","D. Centeno",252126,57,64,50,56,58,41,60,48,"Venezuela","Deportes Tolima"
"67","B. Palmezano",247352,56,70,46,50,60,31,37,58,"Venezuela","CD Huachipato"
"68","E. Morillo",251839,56,74,53,40,54,19,57,47,"Venezuela","Atlético Huila"
"69","F. Figueroa",242463,55,72,45,50,58,38,47,54,"Venezuela","Atlético Huila"
"70","J. Rodríguez",198710,85,55,86,87,86,50,63,64,"Colombia","Real Madrid"
"71","D. Zapata",215333,83,71,81,59,76,37,84,40,"Colombia","Atalanta"
"72","J. Cuadrado",193082,83,89,72,77,88,66,67,38,"Colombia","Juventus"
"73","D. Sánchez",220793,83,74,45,57,66,83,81,47,"Colombia","Tottenham Hotspur"
"74","Falcao",167397,83,65,82,69,77,43,72,43,"Colombia","Galatasaray SK"
"75","J. Quintero",210513,80,73,77,81,83,37,50,59,"Colombia","River Plate"
"76","D. Ospina",176550,80,83,73,78,85,34,78,397,"Colombia","Napoli"
"77","L. Muriel",199110,80,88,76,68,84,27,68,48,"Colombia","Atalanta"
"78","C. Bacca",207664,79,70,76,64,76,33,66,45,"Colombia","Villarreal CF"
"79","S. Arias",204259,79,83,53,69,75,76,77,66,"Colombia","Atlético Madrid"
"80","J. Lerma",213991,79,73,64,72,73,78,80,57,"Colombia","Bournemouth"
"81","M. Uribe",214047,78,75,72,74,76,74,79,66,"Colombia","FC Porto"
"82","C. Zapata",177983,78,61,32,46,56,81,75,19,"Colombia","Genoa"
"83","Y. Mina",220523,78,51,54,56,56,78,80,51,"Colombia","Everton"
"84","W. Barrios",214394,78,73,38,65,69,79,82,71,"Colombia",""
"85","J. Murillo",201377,78,75,40,59,63,76,79,60,"Colombia","Sampdoria"
"86","L. Díaz",241084,78,92,76,68,79,32,69,64,"Colombia","FC Porto"
"87","F. Fabra",214040,77,86,60,70,79,72,78,51,"Colombia","Boca Juniors"
"88","C. Vargas",212067,77,77,74,69,81,45,76,377,"Colombia","Club Atlas"
"89","Y. Gómez Andrade",224396,77,61,33,46,57,76,86,58,"Colombia","Unión de Santa Fe"
"90","R. Borré",220883,77,79,75,69,77,41,74,58,"Colombia","River Plate"
"91","G. Cuéllar",214009,77,72,52,68,69,74,78,60,"Colombia","Al Hilal"
"92","A. Morelos",221714,76,81,72,62,72,42,84,55,"Colombia","Rangers FC"
"93","J. Izquierdo",219411,76,86,69,67,80,38,53,53,"Colombia","Brighton & Hove Albion"
"94","D. Pabón",196143,76,85,77,73,76,38,78,64,"Colombia","Monterrey"
"95","G. Moreno",196147,76,72,74,68,77,54,75,62,"Colombia","Shanghai Greenland Shenhua FC"
"96","T. Gutiérrez",196150,76,57,75,72,77,28,72,57,"Colombia","Junior FC"
"97","E. Cardona",192342,76,56,78,78,76,40,79,58,"Colombia","Pachuca"
"98","J. Córdoba",210287,76,81,75,61,72,44,83,53,"Colombia","1. FC Köln"
"99","J. Mojica",214026,75,90,65,72,74,69,72,59,"Colombia","Girona FC"
"100","V. Cantillo",219160,75,67,39,65,75,68,77,46,"Colombia","Junior FC"
"101","J. Lucumi",231207,75,70,28,54,59,74,76,42,"Colombia","KRC Genk"
"102","D. Chará",203067,75,79,60,67,71,71,78,56,"Colombia","Portland Timbers"
"103","D. Torres",214332,75,53,61,68,68,72,79,61,"Colombia","Deportivo Alavés"
"104","F. Castillo",202858,75,91,70,64,82,42,68,53,"Colombia","Querétaro"
"105","E. Balanta",213899,75,67,40,60,66,75,85,56,"Colombia","Club Brugge KV"
"106","D. Quintero",190607,75,86,73,69,81,28,65,51,"Colombia","Houston Dynamo"
"107","B. Espinosa",186521,75,45,44,59,50,73,76,59,"Colombia","RCD Espanyol"
"108","J. Barrera",225182,75,81,65,72,78,42,57,56,"Colombia","Atlético Nacional"
"109","O. Murillo",198581,75,69,39,55,51,74,77,64,"Colombia","Pachuca"
"110","F. Pardo",214207,75,81,75,71,74,38,80,53,"Colombia","Deportivo Toluca"
"111","L. Quiñones",214491,75,91,70,67,77,33,62,49,"Colombia","Tigres U.A.N.L."
"112","J. Hernández",237034,75,86,75,62,72,38,71,46,"Colombia","RCD Mallorca"
"113","H. Preciado",226591,74,81,76,57,73,37,65,51,"Colombia","Shenzhen FC"
"114","S. Mendoza",214570,74,90,70,64,78,29,65,58,"Colombia","Amiens SC"
"115","J. Martínez",196144,74,67,72,62,71,32,75,60,"Colombia","Portimonense SC"
"116","A. Aguilar",177974,74,32,61,67,64,74,81,55,"Colombia","Unión Magdalena"
"117","N. Benedetti",229699,74,76,66,69,74,45,62,43,"Colombia","Club América"
"118","S. Medina",214601,74,76,49,65,68,74,77,64,"Colombia","Monterrey"
"119","M. Rangel",214350,74,57,76,57,66,40,73,52,"Colombia","América de Cali"
"120","D. Muñoz",237646,74,83,62,62,70,69,72,46,"Colombia","Atlético Nacional"
"121","C. Borja",227153,74,86,49,65,70,70,70,57,"Colombia","Sporting CP"
"122","C. Sánchez",182882,74,58,58,69,65,73,71,44,"Colombia","West Ham United"
"123","H. Rodallega",168565,74,72,72,68,74,43,69,39,"Colombia","Denizlispor"
"124","M. Barrios",221306,74,91,66,69,74,45,51,52,"Colombia","FC Dallas"
"125","A. Roa",221310,74,79,64,73,79,54,61,55,"Colombia","Independiente"
"126","R. Martínez",219797,74,83,72,62,75,35,76,65,"Colombia","Club América"
"127","R. Pérez",214191,74,56,38,41,58,73,78,50,"Colombia","Junior FC"
"128","W. Morelo",214463,74,80,74,62,74,42,67,55,"Colombia","Club Atlético Colón"
"129","F. Montero",190919,74,68,75,70,75,48,60,51,"Colombia","Vancouver Whitecaps FC"
"130","S. Villa",233959,74,92,64,65,77,32,63,46,"Colombia","Boca Juniors"
"131","A. Hurtado",212456,74,86,73,66,76,47,70,55,"Colombia","Monterrey"
"132","J. Agudelo",219904,73,83,70,60,73,39,67,68,"Colombia","Cúcuta Deportivo"
"133","E. Atuesta",236298,73,63,56,71,75,67,67,64,"Colombia","Los Angeles FC"
"134","L. Sinisterra",233500,73,88,63,67,78,51,59,59,"Colombia","Feyenoord"
"135","D. Delgado",219942,73,88,63,65,69,60,71,51,"Colombia","Independiente Medellín"
"136","C. Peralta",232238,73,74,72,51,70,29,60,54,"Colombia","La Equidad"
"137","A. Ibargüen",225356,73,90,63,66,78,36,45,54,"Colombia","Club América"
"138","S. Cárdenas",214609,73,79,69,71,74,42,57,55,"Colombia","Atlético Bucaramanga"
"139","D. Asprilla",214388,73,81,72,67,77,34,75,54,"Colombia","Al Shabab"
"140","D. Banguero",214393,73,75,59,62,69,68,81,57,"Colombia","Deportes Tolima"
"141","A. Mosquera",219787,73,75,42,57,53,72,75,39,"Colombia","Club León"
"142","F. Hinestroza",214421,73,88,63,67,76,43,65,50,"Colombia","Junior FC"
"143","W. Tesillo",214169,73,65,29,59,62,74,68,53,"Colombia","Club León"
"144","A. Plata",216476,73,91,68,57,75,42,69,64,"Colombia","Deportes Tolima"
"145","C. Marrugo",176545,73,64,64,73,72,52,64,56,"Colombia","Puebla FC"
"146","I. Arboleda",214462,73,75,69,66,75,59,71,356,"Colombia","Club Atlético Banfield"
"147","A. del Valle",214209,73,78,72,62,74,36,68,54,"Colombia","Querétaro"
"148","D. Moreno",187075,73,64,75,67,72,42,65,59,"Colombia","Club Atlético Talleres"
"149","A. Ricaurte",214497,73,68,59,77,70,64,73,55,"Colombia","Independiente Medellín"
"150","J. Duque",225252,73,64,42,59,64,71,75,49,"Colombia","Millonarios FC"
"151","M. Pérez",199964,72,87,72,65,68,31,72,47,"Colombia","Al Raed"
"152","L. Castro",214562,72,70,73,63,65,32,66,55,"Colombia","Kaizer Chiefs"
"153","G. Celis",214323,72,65,51,61,69,70,70,47,"Colombia","Club Atlético Colón"
"154","O. Fernández",241990,72,77,63,67,74,34,62,50,"Colombia","Puebla FC"
"155","F. Díaz",214603,72,74,50,66,69,70,69,54,"Colombia","Alianza Petrolera"
"156","J. Nieto",214358,72,71,66,75,73,48,72,50,"Colombia","Deportes Tolima"
"157","D. Andrade",214376,72,81,42,56,68,67,71,36,"Colombia","Deportivo Cali"
"158","D. Silva",214378,72,68,65,71,69,55,73,48,"Colombia","Millonarios FC"
"159","S. Barreiro",214129,72,68,34,43,54,75,73,55,"Colombia","Pachuca"
"160","R. Lenis",214662,72,71,68,66,73,36,61,63,"Colombia","Club Atlético Banfield"
"161","Y. Gordillo",214158,72,60,46,59,63,68,75,50,"Colombia","Deportes Tolima"
"162","J. Copete",215186,72,85,71,62,73,38,69,61,"Colombia","Pachuca"
"163","A. Montero",229541,72,75,71,65,72,43,71,354,"Colombia","Deportes Tolima"
"164","J. Otero",224428,72,90,75,65,70,31,69,59,"Colombia","Amiens SC"
"165","D. Bocanegra",214196,72,66,55,68,64,71,74,54,"Colombia","Atlético Nacional"
"166","A. Correa",214477,72,61,48,50,52,72,74,62,"Colombia","Once Caldas"
"167","S. Hernández",234966,72,61,64,70,70,54,59,51,"Colombia","Junior FC"
"168","A. Ramos",176619,72,73,70,64,69,46,67,56,"Colombia","Granada CF"
"169","D. González",183315,71,69,70,66,70,37,72,347,"Colombia","Independiente Medellín"
"170","Y. Cabrera",221480,71,76,64,68,76,50,45,54,"Colombia","América de Cali"
"171","Y. Moreno",221737,71,79,62,64,74,34,63,52,"Colombia","Club León"
"172","J. Angulo",214572,71,74,58,66,67,69,76,56,"Colombia","Deportivo Cali"
"173","V. Hernández",214327,71,84,66,64,73,34,45,64,"Colombia","Atlético Nacional"
"174","S. Motta",196151,71,60,66,76,72,62,64,53,"Colombia","La Equidad"
"175","R. Carrascal",214366,71,66,58,66,65,63,68,47,"Colombia","América de Cali"
"176","H. Palacios",218981,71,84,37,62,63,66,78,66,"Colombia","Atlético Nacional"
"177","A. Tello",222573,71,86,58,69,75,61,81,52,"Colombia","Benevento"
"178","M. Manotas",222590,71,73,70,59,69,33,67,56,"Colombia","Houston Dynamo"
"179","E. Perlaza",214146,71,75,57,68,63,65,74,62,"Colombia","Independiente Medellín"
"180","J. Pérez",214153,71,81,68,65,75,38,67,55,"Colombia","Millonarios FC"
"181","J. Lucumi",231571,71,81,66,63,74,24,65,47,"Colombia","Querétaro"
"182","M. Cuero",214434,71,90,67,62,73,28,59,69,"Colombia","Club Atlas"
"183","J. Carrascal",225964,71,68,65,63,79,41,44,49,"Colombia","River Plate"
"184","B. Perlaza",226747,71,51,49,59,60,73,85,72,"Colombia","Atlético Nacional"
"185","E. Segura",237245,71,65,30,48,56,70,74,56,"Colombia","Los Angeles FC"
"186","C. Quintero",201681,71,74,64,67,70,61,73,62,"Colombia","Atlético Bucaramanga"
"187","R. Loaiza",214226,71,63,45,65,66,68,76,60,"Colombia","Defensa y Justicia"
"188","G. Perea",219860,71,61,28,49,60,68,79,59,"Colombia","Deportivo Pasto"
"189","K. Balanta",225502,71,84,50,57,64,68,83,51,"Colombia","Club Tijuana"
"190","M. Almirón",230977,79,89,70,74,81,48,63,53,"Paraguay","Newcastle United"
"191","F. Balbuena",228229,78,56,40,52,50,79,78,61,"Paraguay","West Ham United"
"192","C. Domínguez",225878,77,84,71,73,77,44,70,58,"Paraguay","Independiente"
"193","M. Rojas",237183,77,81,78,76,80,63,70,45,"Paraguay","Racing Club"
"194","P. Aguilar",182941,77,63,52,53,56,77,78,55,"Paraguay","Cruz Azul"
"195","A. Sanabria",219932,76,76,73,71,76,34,64,58,"Paraguay","Genoa"
"196","O. Romero",220334,76,77,73,75,79,35,61,53,"Paraguay","San Lorenzo de Almagro"
"197","C. Ortíz",198129,76,67,57,66,73,74,77,56,"Paraguay","Monterrey"
"198","M. Estigarribia",188992,75,81,66,72,74,65,73,63,"Paraguay","Club Atlético Colón"
"199","F. Santander",201335,75,69,74,63,69,32,79,52,"Paraguay","Bologna"
"200","C. González",227394,74,65,74,53,67,34,71,53,"Paraguay","U.N.A.M."
"201","H. Villalba",215107,74,92,72,64,79,45,62,51,"Paraguay","Atlanta United"
"202","Kaku",226376,74,82,66,70,77,49,62,51,"Paraguay","New York Red Bulls"
"203","O. Martínez",190536,74,63,71,73,74,58,72,47,"Paraguay","Club Atlas"
"204","J. Moreira",225880,74,84,56,70,72,68,65,54,"Paraguay","Portland Timbers"
"205","B. Valdez",228729,74,65,36,57,55,72,78,59,"Paraguay","Club América"
"206","A. Romero",220332,74,78,71,63,75,35,70,68,"Paraguay","San Lorenzo de Almagro"
"207","J. Alonso",220337,74,69,54,61,64,71,81,57,"Paraguay","Boca Juniors"
"208","A. Cubas",222429,74,71,52,67,73,75,57,52,"Paraguay","Club Atlético Talleres"
"209","S. Salcedo",228730,73,67,35,43,52,74,75,47,"Paraguay","Club Atlético Huracán"
"210","R. Rojas",246914,73,73,54,63,67,71,75,57,"Paraguay","River Plate"
"211","L. Melgarejo",204699,73,82,69,66,76,55,69,52,"Paraguay","Spartak Moscow"
"212","O. Alderete",240359,73,62,59,62,62,72,78,62,"Paraguay","FC Basel 1893"
"213","E. Barreto",152922,72,59,66,72,68,73,67,61,"Paraguay","Sampdoria"
"214","A. Aguilar",228231,72,76,68,69,73,46,68,354,"Paraguay",""
"215","L. Barrios",183177,72,56,73,62,66,42,71,65,"Paraguay","Club Atlético Huracán"
"216","B. Samudio",244628,72,76,69,63,74,38,65,49,"Paraguay","Çaykur Rizespor"
"217","J. Rojas",214168,72,90,66,64,75,34,61,63,"Paraguay","Club Tijuana"
"218","I. Piris",204977,72,77,48,61,69,69,70,65,"Paraguay",""
"219","D. Lezcano",204226,72,81,70,68,73,42,75,50,"Paraguay","FC Juárez"
"220","J. Iturbe",199151,72,89,64,67,76,29,56,47,"Paraguay","U.N.A.M."
"221","V. Ayala",214771,72,69,74,71,72,68,75,48,"Paraguay","Gimnasia y Esgrima La Plata"
"222","J. González",245062,71,77,43,58,57,72,78,55,"Paraguay","Defensa y Justicia"
"223","N. Ortigoza",161636,71,32,60,73,65,65,70,66,"Paraguay","Rosario Central"
"224","A. Silva",214373,71,71,68,64,72,39,70,345,"Paraguay","Club Atlético Huracán"
"225","P. Velázquez",216530,71,64,70,51,67,30,78,49,"Paraguay","Gimnasia y Esgrima La Plata"
"226","R. García Guerreño",223734,71,53,41,47,48,70,77,45,"Paraguay","Club Atlético Lanús"
"227","B. Riveros",233476,70,84,36,58,75,63,71,51,"Paraguay","FC Basel 1893"
"228","M. Caballero",212943,70,72,67,56,65,27,64,58,"Paraguay","Unión Española"
"229","R. Bobadilla",183249,70,62,69,64,69,47,82,57,"Paraguay","Argentinos Juniors"
"230","M. Villasanti",240875,70,70,62,61,70,59,64,55,"Paraguay",""
"231","G. Ortiz",246822,69,67,69,63,74,30,64,337,"Paraguay","Once Caldas"
"232","J. Morel",253251,69,67,49,63,60,65,69,49,"Paraguay",""
"233","J. Escobar",247881,69,63,25,46,46,70,72,46,"Paraguay","Cruz Azul"
"234","A. Bareiro",246690,69,69,67,48,67,22,63,59,"Paraguay","San Lorenzo de Almagro"
"235","J. Acuña",165031,69,70,67,59,66,40,77,56,"Paraguay","Albacete BP"
"236","G. Velázquez",246696,69,82,31,43,48,69,71,45,"Paraguay","FC Juárez"
"237","R. Sánchez",248872,68,67,57,61,69,61,65,49,"Paraguay","Club América"
"238","E. Cantero",214067,68,63,68,46,57,24,68,62,"Paraguay","CD Cobresal"
"239","P. Martínez",244806,68,85,59,60,72,35,55,55,"Paraguay","Club Atlético Lanús"
"240","D. Valdez",247880,68,66,49,63,60,66,71,42,"Paraguay","Atlético de San Luis"
"241","D. Ortiz",220754,68,52,29,34,43,67,74,55,"Paraguay","Elche CF"
"242","C. Martínez",229466,68,86,66,58,69,25,65,51,"Paraguay","CD Huachipato"
"243","S. Ferreira",244832,68,71,66,57,67,29,58,42,"Paraguay","Monarcas Morelia"
"244","W. González",232066,68,63,68,50,67,30,65,48,"Paraguay","CD Everton de Viña del Mar"
"245","C. Paredes",237203,68,69,62,66,64,64,67,39,"Paraguay","Portland Timbers"
"246","G. Ávalos",226286,68,67,63,48,63,35,72,65,"Paraguay","Patronato"
"247","S. Arzamendia",248053,68,72,57,61,67,65,62,47,"Paraguay",""
"248","M. Miers",251152,67,58,34,42,43,69,64,43,"Paraguay","Club Atlético Aldosivi"
"249","S. Rojas",246398,67,65,65,70,67,25,67,334,"Paraguay",""
"250","C. Colmán",237461,67,71,65,45,65,26,66,36,"Paraguay","FC Dallas"
"251","F. Báez",247397,66,54,28,41,41,66,63,40,"Paraguay","Envigado FC"
"252","C. Núñez",242307,66,69,47,59,65,62,76,49,"Paraguay","Vélez Sarsfield"
"253","J. Medina",242052,66,73,65,69,63,34,48,51,"Paraguay","New York City FC"
"254","R. Prieto",247186,66,78,54,61,70,33,51,47,"Paraguay","Godoy Cruz"
"255","D. Cáceres",242691,65,76,36,51,63,63,66,40,"Paraguay","Club Atlético Lanús"
"256","B. Ojeda",248870,65,76,53,60,65,62,69,45,"Paraguay","Defensa y Justicia"
"257","G. Mencia",218182,65,60,30,56,57,64,67,55,"Paraguay","CD Universidad de Concepción"
"258","R. Caballero",232070,65,61,64,43,60,23,66,42,"Paraguay","Atlético Bucaramanga"
"259","D. Ojeda",246719,65,55,32,37,44,65,67,49,"Paraguay","Jaguares de Córdoba"
"260","F. Portillo",216030,64,43,35,62,60,58,78,40,"Paraguay","CD Universidad de Concepción"
"261","L. Riveros",238815,64,70,64,59,65,35,63,51,"Paraguay","CD Universidad de Concepción"
"262","F. Cardozo",248873,63,70,52,54,70,25,58,40,"Paraguay","Boavista FC"
"263","H. Vera",251211,63,62,41,46,55,62,69,43,"Paraguay","Central Córdoba"
"264","R. Cardozo",240279,63,63,64,61,63,20,65,316,"Paraguay","Jaguares de Córdoba"
"265","D. Barreto",239852,63,71,57,63,63,42,63,68,"Paraguay","Atlético Huila"
"266","J. Villalba",239741,62,69,66,49,64,24,44,55,"Paraguay","Borussia Mönchengladbach"
"267","M. Jacquet",252962,60,57,34,41,43,59,66,44,"Paraguay","Godoy Cruz"
"268","C. Villagra",251758,59,72,59,53,61,30,60,60,"Paraguay","CD Cobresal"
"269","L. Messi",158023,94,87,92,92,96,39,66,54,"Argentina","FC Barcelona"
"270","S. Agüero",153079,89,80,90,77,88,33,74,59,"Argentina","Manchester City"
"271","P. Dybala",211110,88,85,82,84,90,43,64,26,"Argentina","Juventus"
"272","A. Di María",183898,87,84,81,85,88,48,68,51,"Argentina","Paris Saint-Germain"
"273","M. Icardi",201399,86,75,84,62,78,36,69,43,"Argentina","Paris Saint-Germain"
"274","A. Gómez",143076,85,89,78,81,86,39,55,46,"Argentina","Atalanta"
"275","G. Higuaín",167664,85,67,85,71,80,31,71,39,"Argentina","Juventus"
"276","N. Tagliafico",211256,83,81,57,73,76,82,80,63,"Argentina","Ajax"
"277","E. Banega",178562,83,61,73,84,82,77,70,45,"Argentina","Sevilla FC"
"278","G. Lo Celso",226226,83,77,78,82,85,65,72,56,"Argentina","Tottenham Hotspur"
"279","E. Garay",170481,83,43,60,67,62,82,81,60,"Argentina","Valencia CF"
"280","L. Martínez",231478,82,81,79,68,84,48,83,48,"Argentina","Inter"
"281","L. Martínez",231478,82,81,79,68,84,48,83,48,"Argentina","Ajax"
"282","M. Acuña",224334,82,76,74,82,87,78,83,62,"Argentina","Sporting CP"
"283","N. Otamendi",192366,82,54,57,63,59,82,78,48,"Argentina","Manchester City"
"284","A. Correa",214997,82,85,80,75,87,54,68,56,"Argentina","Atlético Madrid"
"285","G. Rulli",215316,81,83,77,77,86,51,75,398,"Argentina","Montpellier HSC"
"286","F. Vázquez",207471,81,56,78,80,81,58,72,58,"Argentina","Sevilla FC"
"287","L. López",142707,81,75,82,73,80,50,70,48,"Argentina","Racing Club"
"288","L. Biglia",158963,81,55,63,80,80,77,67,52,"Argentina","Milan"
"289","E. Andrada",205849,80,80,77,80,81,44,80,398,"Argentina","Boca Juniors"
"290","J. Correa",215330,80,84,75,76,85,39,69,44,"Argentina","Lazio"
"291","F. Armani",214584,80,78,75,70,86,40,81,390,"Argentina","River Plate"
"292","M. Lanzini",188988,80,77,72,78,85,32,50,51,"Argentina","West Ham United"
"293","S. Romero",173373,80,79,76,81,83,45,79,398,"Argentina","Manchester United"
"294","N. Gaitán",184144,80,77,70,79,81,41,58,40,"Argentina","Chicago Fire"
"295","D. Valeri",172114,80,58,80,80,81,45,67,60,"Argentina","Portland Timbers"
"296","E. Lamela",170368,80,75,77,79,82,51,72,57,"Argentina","Tottenham Hotspur"
"297","A. Marchesín",201095,80,79,77,74,85,51,79,394,"Argentina","FC Porto"
"298","J. Mascherano",142754,80,65,53,72,68,79,75,34,"Argentina","Hebei China Fortune FC"
"299","W. Benítez",215223,80,79,79,74,82,48,79,393,"Argentina","OGC Nice"
"300","L. Pratto",184252,80,71,79,72,75,58,86,59,"Argentina","River Plate"
"301","E. Salvio",190972,80,86,75,73,84,58,68,48,"Argentina","Boca Juniors"
"302","J. Sosa",143121,79,69,70,82,81,63,65,54,"Argentina","Trabzonspor"
"303","I. Marcone",215057,79,54,58,73,77,74,82,65,"Argentina","Boca Juniors"
"304","D. Benedetto",215061,79,80,80,65,75,38,75,55,"Argentina","Olympique de Marseille"
"305","N. Guzmán",176919,79,78,76,70,79,52,80,383,"Argentina","Tigres U.A.N.L."
"306","R. Pereyra",193061,79,76,74,78,82,61,69,24,"Argentina","Watford"
"307","L. Alario",215353,79,71,77,59,75,29,75,60,"Argentina","Bayer 04 Leverkusen"
"308","G. Pezzella",193601,79,55,49,47,56,80,75,54,"Argentina","Fiorentina"
"309","L. Paredes",207439,79,71,67,80,79,72,74,48,"Argentina","Paris Saint-Germain"
"310","E. Pérez",196432,79,67,70,76,75,76,78,55,"Argentina","River Plate"
"311","D. Perotti",183900,79,76,72,77,85,42,56,41,"Argentina","Roma"
"312","L. Sigali",215135,79,68,41,44,59,80,74,57,"Argentina","Racing Club"
"313","F. Fazio",179847,79,33,41,56,53,81,80,54,"Argentina","Roma"
"314","M. Musacchio",186547,79,67,47,63,67,82,72,46,"Argentina","Milan"
"315","L. Martínez",239301,79,74,56,72,75,78,77,55,"Argentina","Inter"
"316","L. Martínez",239301,79,74,56,72,75,78,77,55,"Argentina","Ajax"
"317","J. Pastore",191180,79,62,73,81,82,56,58,51,"Argentina","Roma"
"318","I. Piatti",176376,79,70,81,74,84,54,74,56,"Argentina","Montreal Impact"
"319","C. Ansaldi",173306,79,79,64,77,80,76,71,57,"Argentina","Torino"
"320","C. Pavón",224254,79,91,76,75,79,49,74,50,"Argentina","LA Galaxy"
"321","J. Pinola",146963,78,68,53,68,68,77,78,49,"Argentina","River Plate"
"322","M. Casco",215071,78,87,70,73,78,71,78,54,"Argentina","River Plate"
"323","M. Zárate",153177,78,77,80,70,85,42,68,57,"Argentina","Boca Juniors"
"324","P. Piatti",183899,78,84,72,75,79,47,54,49,"Argentina","RCD Espanyol"
"325","E. Palacios",231521,78,76,74,74,78,68,74,38,"Argentina","River Plate"
"326","A. Donatti",215162,78,50,60,57,54,78,79,56,"Argentina","Racing Club"
"327","M. Rojo",201862,78,67,59,68,65,76,76,52,"Argentina","Manchester United"
"328","R. De Paul",212616,78,75,73,78,82,40,64,56,"Argentina","Udinese"
"329","M. Suárez",188042,78,70,77,73,82,31,68,57,"Argentina","River Plate"
"330","M. Zaracho",235926,78,87,66,74,83,63,62,49,"Argentina","Racing Club"
"331","C. Tévez",143001,78,68,77,74,78,45,71,15,"Argentina","Boca Juniors"
"332","F. Bustos",236441,78,88,63,72,79,70,73,54,"Argentina","Independiente"
"333","G. Cano",214206,78,69,80,62,75,36,66,51,"Argentina","Independiente Medellín"
"334","I. Fernández",215998,78,75,73,78,79,65,71,51,"Argentina","River Plate"
"335","J. Musso",214979,78,80,77,74,81,44,79,391,"Argentina","Udinese"
"336","G. Herrera",215251,78,77,75,73,79,53,78,382,"Argentina","Club Atlético Talleres"
"337","E. Rigoni",215259,78,90,73,74,79,46,60,56,"Argentina","Sampdoria"
"338","D. Abraham",160741,78,75,56,60,52,78,77,45,"Argentina","Eintracht Frankfurt"
"339","C. Izquierdoz",214766,78,50,51,54,53,78,81,42,"Argentina","Boca Juniors"
"340","N. Domínguez",216054,78,57,64,72,68,76,77,67,"Argentina","Racing Club"
"341","F. Fernández",201988,77,48,30,53,50,77,74,63,"Argentina","Newcastle United"
"342","L. López",215051,77,63,51,50,61,77,73,53,"Argentina","Boca Juniors"
"343","A. Fernández",176915,77,65,69,76,75,71,71,53,"Argentina","Beijing Renhe FC"
"344","G. Bou",188955,77,78,76,69,76,30,72,50,"Argentina","New England Revolution"
"345","P. Pérez",215079,77,63,68,77,74,70,80,62,"Argentina","Independiente"
"346","I. Scocco",171828,77,73,80,71,80,35,66,58,"Argentina","River Plate"
"347","J. Calleri",219455,77,70,76,62,75,47,72,45,"Argentina","RCD Espanyol"
"348","L. Ocampos",205632,77,83,73,72,75,61,84,53,"Argentina","Sevilla FC"
"349","L. Castro",205633,77,71,67,78,80,64,66,42,"Argentina","Cagliari"
"350","G. Pizarro",207939,77,50,63,71,68,75,82,57,"Argentina","Tigres U.A.N.L."
"351","G. Martínez",226377,77,88,74,71,83,34,62,55,"Argentina","Atlanta United"
"352","R. Ábila",226378,77,68,75,56,71,31,82,74,"Argentina","Boca Juniors"
"353","F. Cervi",223061,77,92,65,69,84,54,52,50,"Argentina","SL Benfica"
"354","J. Palomino",217196,77,52,32,55,58,78,80,53,"Argentina","Atalanta"
"355","L. Acosta",188268,77,92,70,67,80,47,65,53,"Argentina","Club Atlético Lanús"
"356","G. Rodríguez",225659,77,50,56,67,63,77,79,59,"Argentina","Club América"
"357","L. Rodríguez",192906,77,67,79,73,79,27,66,51,"Argentina","Club Atlético Colón"
"358","L. Chichizola",191628,77,77,76,69,79,52,75,376,"Argentina","Getafe CF"
"359","D. Cvitanich",152997,77,60,76,71,75,37,69,65,"Argentina","Racing Club"
"360","R. Battaglia",219576,77,66,68,67,73,79,78,39,"Argentina","Sporting CP"
"361","G. Simeone",216816,77,77,75,59,76,39,72,61,"Argentina","Cagliari"
"362","R. Funes Mori",198140,77,76,74,68,74,43,78,54,"Argentina","Monterrey"
"363","G. Escalante",219391,77,68,67,70,69,75,76,52,"Argentina","SD Eibar"
"364","A. Franco",237604,76,65,34,50,57,76,77,46,"Argentina","Independiente"
"365","N. Sánchez",184626,76,46,46,59,59,74,82,53,"Argentina","Monterrey"
"366","S. Ascacíbar",232244,76,70,46,61,66,77,76,44,"Argentina","VfB Stuttgart"
"367","L. Ponzio",139064,76,44,59,70,68,77,72,61,"Argentina","River Plate"
"368","R. Centurión",211267,76,90,69,69,80,37,65,39,"Argentina","Atlético de San Luis"
"369","R. Aliendro",233029,76,78,72,69,77,72,78,54,"Argentina","Club Atlético Colón"
"370","M. Díaz",226379,76,75,73,62,76,39,81,367,"Argentina","Boca Juniors"
"371","J. Sand",152912,76,49,79,61,66,36,73,65,"Argentina","Club Atlético Lanús"
"372","L. Vietto",207441,76,76,74,70,81,43,61,56,"Argentina","Sporting CP"
"373","A. Aguerre",215123,76,77,74,63,79,46,73,366,"Argentina","Newell's Old Boys"
"374","M. Moralez",183895,76,73,71,74,77,52,50,48,"Argentina","New York City FC"
"375","S. Blanco",190577,76,76,75,73,78,33,70,50,"Argentina","Portland Timbers"
"376","E. Buendía",226162,76,73,68,76,80,62,65,50,"Argentina","Norwich City"
"377","J. Dátolo",142966,76,61,76,80,76,51,60,56,"Argentina","Club Atlético Banfield"
"378","M. Meza",216700,76,80,72,72,80,48,71,57,"Argentina","Monterrey"
"379","P. Gazzaniga",205186,76,78,75,84,79,64,76,392,"Argentina","Tottenham Hotspur"
"380","I. Pussetto",219536,76,80,74,62,77,25,65,52,"Argentina","Udinese"
"381","R. Civelli",152993,76,34,59,56,46,75,85,59,"Argentina","Club Atlético Banfield"
"382","R. Palacio",152999,76,74,71,72,82,46,65,82,"Argentina","Bologna"
"383","E. Ávila",228520,76,84,78,64,76,46,76,47,"Argentina","CA Osasuna"
"384","E. Gigliotti",200875,76,57,78,60,68,45,77,53,"Argentina","Deportivo Toluca"
"385","G. Montiel",231340,76,84,49,65,70,72,80,38,"Argentina","River Plate"
"386","F. Ferreyra",213432,76,65,75,59,74,31,68,59,"Argentina","RCD Espanyol"
"387","M. Benítez",214989,76,77,71,70,79,49,59,52,"Argentina","Independiente"
"388","M. Vargas",228819,76,90,70,72,80,42,69,54,"Argentina","RCD Espanyol"
"389","R. Saravia",215256,76,90,41,68,76,73,75,67,"Argentina","FC Porto"
"390","A. Mac Allister",239837,76,71,75,77,74,56,62,56,"Argentina","Boca Juniors"
"391","Neymar Jr",190871,92,91,85,87,95,32,58,59,"Brazil","Paris Saint-Germain"
"392","Alisson",212831,89,85,84,85,89,51,90,433,"Brazil","Liverpool"
"393","Ederson",210257,88,86,82,93,88,63,86,435,"Brazil","Manchester City"
"394","Casemiro",200145,88,62,73,76,72,85,90,67,"Brazil","Real Madrid"
"395","Fernandinho",135507,87,66,74,79,78,84,79,48,"Brazil","Manchester City"
"396","Thiago Silva",164240,87,62,54,72,72,87,78,45,"Brazil","Paris Saint-Germain"
"397","Roberto Firmino",201942,87,77,82,81,88,61,78,44,"Brazil","Liverpool"
"398","Coutinho",189242,86,79,80,84,90,52,64,48,"Brazil","FC Bayern München"
"399","Fabinho",209499,86,68,69,79,77,85,83,47,"Brazil","Liverpool"
"400","Marquinhos",207865,86,74,41,73,70,86,78,47,"Brazil","Paris Saint-Germain"
"401","Arthur",230658,85,69,73,82,87,74,71,55,"Brazil","FC Barcelona"
"402","Marcelo",176676,85,81,74,83,89,77,79,36,"Brazil","Real Madrid"
"403","Paulinho",187961,85,72,82,78,81,80,85,57,"Brazil","Guangzhou Evergrande Taobao FC"
"404","Alex Sandro",191043,85,83,65,77,80,82,82,40,"Brazil","Juventus"
"405","Neto",194404,85,85,80,79,82,54,81,407,"Brazil","FC Barcelona"
"406","Allan",199914,85,75,71,78,84,85,84,44,"Brazil","Napoli"
"407","Douglas Costa",190483,84,94,73,79,91,43,61,54,"Brazil","Juventus"
"408","Lucas Leiva",176266,84,62,66,76,78,83,73,37,"Brazil","Lazio"
"409","Alex Telles",212462,84,85,72,84,81,80,76,58,"Brazil","FC Porto"
"410","Lucas Moura",200949,84,92,79,76,87,42,67,54,"Brazil","Tottenham Hotspur"
"411","Felipe",207863,84,64,41,57,60,84,87,50,"Brazil","Atlético Madrid"
"412","Oscar",188152,84,75,78,83,83,55,51,61,"Brazil","Shanghai SIPG FC"
"413","Felipe Anderson",201995,83,89,77,79,87,55,61,43,"Brazil","West Ham United"
"414","Anderson Talisca",212523,83,77,82,82,81,54,72,59,"Brazil","Guangzhou Evergrande Taobao FC"
"415","Ronaldo Cabrais",230481,83,87,77,83,84,35,72,65,"Brazil","Grêmio"
"416","Gabriel Paulista",201305,83,71,49,69,65,83,81,58,"Brazil","Valencia CF"
"417","Louri Beretta",230294,83,81,84,62,72,33,75,78,"Brazil","Atlético Mineiro"
"418","Josué Chiamulera",230375,83,80,43,56,64,85,77,69,"Brazil","Grêmio"
"419","Gabriel Jesus",230666,82,85,80,72,86,42,71,48,"Brazil","Manchester City"
"420","Willian José",195093,82,69,81,68,75,40,81,68,"Brazil","Real Sociedad"
"421","Raphaelito Anjos",230168,82,79,84,77,78,42,83,401,"Brazil","Grêmio"
"422","Juiano Mestres",230225,82,71,61,57,62,82,80,73,"Brazil","Cruzeiro"
"423","Giuliano",184942,82,81,77,79,83,46,75,57,"Brazil","Al Nassr"
"424","Rosberto Dourado",230258,82,81,57,74,77,82,74,62,"Brazil","Atlético Mineiro"
"425","Taison",188803,82,92,79,75,86,47,69,53,"Brazil","Shakhtar Donetsk"
"426","Miranda",168609,82,64,49,61,68,81,75,53,"Brazil","Jiangsu Suning FC"
"427","Willian",180403,82,83,78,80,85,49,60,59,"Brazil","Chelsea"
"428","David Luiz",179944,82,61,65,74,70,81,77,54,"Brazil","Arsenal"
"429","Éder Militão",240130,81,79,50,66,71,81,81,61,"Brazil","Real Madrid"
"430","Fernando",184134,81,61,62,71,70,81,82,5,"Brazil","Sevilla FC"
"431","Fernando",184134,81,61,62,71,70,81,82,5,"Brazil","Beijing Sinobo Guoan FC"
"432","David Neres",236632,81,87,73,73,87,36,65,48,"Brazil","Ajax"
"433","Luimo Boas Santos",230498,81,84,79,65,81,28,68,48,"Brazil","Santos"
"434","Laure Santeiro",230271,81,82,72,77,83,26,51,48,"Brazil","Fluminense"
"435","Luiz Gustavo",185221,81,58,60,69,69,80,82,52,"Brazil","Fenerbahçe SK"
"436","Rafinha",201400,81,67,76,79,84,68,60,52,"Brazil","RC Celta"
"437","Renato Augusto",169195,81,67,73,79,80,71,72,56,"Brazil","Beijing Sinobo Guoan FC"
"438","Richarlison",231943,80,84,77,72,81,46,79,51,"Brazil","Everton"
"439","Gabriel",208141,80,63,74,77,79,76,83,64,"Brazil","SL Benfica"
"440","Everton Andrão",230234,80,68,62,74,76,78,77,55,"Brazil","Fluminense"
"441","Thiago Mendes",213874,80,77,68,77,78,75,74,56,"Brazil","Olympique Lyonnais"
"442","Ismaily",201119,80,82,66,74,81,75,75,51,"Brazil","Shakhtar Donetsk"
"443","Hulk",189362,80,78,85,76,80,47,85,46,"Brazil","Shanghai SIPG FC"
"444","Welington Dano",230347,80,79,54,76,78,75,74,60,"Brazil","Cruzeiro"
"445","Sidnei",182002,80,70,55,63,64,78,82,61,"Brazil","Real Betis"
"446","Diego Carlos",219693,79,77,44,58,68,78,80,49,"Brazil","Sevilla FC"
"447","Maikel Catarino",230201,79,79,51,70,78,77,67,65,"Brazil","Atlético Mineiro"
"448","Antônio Chiamuloira",230212,79,70,48,60,52,79,78,54,"Brazil","Internacional"
"449","Melvin Parrela",230251,79,71,70,70,72,80,83,55,"Brazil","CSA - AL"
"450","Danilo",199304,79,71,70,74,75,78,76,53,"Brazil","Juventus"
"451","Fernando",202642,79,75,67,77,73,75,76,52,"Brazil","Sevilla FC"
"452","Fernando",202642,79,75,67,77,73,75,76,52,"Brazil","Beijing Sinobo Guoan FC"
"453","Leo Baptistao",205976,79,78,75,72,79,33,67,46,"Brazil","Wuhan Zall"
"454","Gabri Prestão",230312,79,81,75,71,82,60,77,386,"Brazil","Internacional"
"455","Alex Teixeira",188081,79,92,76,73,82,42,72,52,"Brazil","Jiangsu Suning FC"
"456","Renan Lodi",251573,79,85,67,75,80,74,74,55,"Brazil","Atlético Madrid"
"457","Wesley",232381,79,75,76,68,73,38,88,53,"Brazil","Aston Villa"
"458","Maicon",191687,79,53,55,66,54,79,83,56,"Brazil","Al Nassr"
"459","Vinícius Jr.",238794,79,93,70,71,85,29,63,36,"Brazil","Real Madrid"
"460","Raphinha",233419,79,89,74,74,82,49,70,50,"Brazil","Stade Rennais FC"
"461","Bernard",205525,79,87,68,74,85,38,44,52,"Brazil","Everton"
"462","Otávio",210411,79,75,69,77,84,45,62,57,"Brazil","FC Porto"
"463","Otávio",210411,79,75,69,77,84,45,62,57,"Brazil","FC Girondins de Bordeaux"
"464","Vieirundinho",230379,79,61,39,53,55,80,83,55,"Brazil","Santos"
"465","Petros",222709,79,70,67,73,76,74,77,62,"Brazil","Al Nassr"
"466","Wendel",238359,78,78,73,75,79,73,71,45,"Brazil","Sporting CP"
"467","Sidney Pessinho",230431,78,72,62,74,69,76,81,48,"Brazil","Internacional"
"468","Ronaldo Esler",230184,78,87,58,70,77,74,53,59,"Brazil","Atlético Mineiro"
"469","Luiz Felipe",236355,78,76,29,61,68,79,68,54,"Brazil","Lazio"
"470","Naldo",202054,78,39,38,49,51,80,74,38,"Brazil","RCD Espanyol"
"471","Naldo",202054,78,39,38,49,51,80,74,38,"Brazil","AS Monaco"
"472","Jardel",168530,78,54,42,53,50,79,78,57,"Brazil","SL Benfica"
"473","Pablo",201315,78,58,52,51,59,79,78,60,"Brazil","FC Girondins de Bordeaux"
"474","Joelinton",223334,78,78,75,60,76,43,81,56,"Brazil","Newcastle United"
"475","Mariano",184949,78,82,64,75,76,71,76,56,"Brazil","Galatasaray SK"
"476","Claudio Coíntra",230269,78,80,73,76,77,27,59,59,"Brazil","Internacional"
"477","Rafael Carioca",188041,78,72,64,75,75,73,73,59,"Brazil","Tigres U.A.N.L."
"478","Alan Carvalho",188044,78,83,75,68,82,36,71,55,"Brazil","Tianjin Quanjian FC"
"479","Fred",209297,78,76,72,74,80,73,70,64,"Brazil","Manchester United"
"480","Soares",227476,78,81,74,59,74,48,80,38,"Brazil","FC Porto"
"481","Dante",158625,78,36,52,67,63,79,76,51,"Brazil","OGC Nice"
"482","Hilton",153260,78,36,51,67,66,80,71,55,"Brazil","Montpellier HSC"
"483","Charles",164029,78,60,79,62,76,35,67,53,"Brazil","SD Eibar"
"484","Lucas Paquetá",233927,78,76,75,75,81,60,77,57,"Brazil","Milan"
"485","Rafael Tolói",187598,78,64,47,58,62,80,67,63,"Brazil","Atalanta"
"486","Everticinho",230360,78,80,71,71,76,74,74,38,"Brazil","Grêmio"
"487","Souza",189423,78,68,63,70,72,78,84,47,"Brazil","Al Ahli"
"488","Luiz Phellype",211461,77,54,79,59,70,30,82,63,"Brazil","Sporting CP"
"489","Johnathan",192270,77,81,77,63,75,40,76,60,"Brazil","Tianjin TEDA FC"
"490","Fransérgio",195096,77,58,73,73,71,71,81,34,"Brazil","SC Braga"
"491","Alan Kardec",184858,77,73,76,64,71,34,75,54,"Brazil","Chongqing Dangdai Lifan FC SWM Team"
"492","Gazzolisco",230183,77,82,67,71,71,74,86,51,"Brazil","Internacional"
"493","Marcelo Goiano",216373,77,74,50,66,77,75,73,56,"Brazil","Sivasspor"
"494","Simão Acunha",230463,77,80,68,77,77,36,63,54,"Brazil","Atlético Mineiro"
"495","Adilson Edrada",230475,77,81,71,70,81,32,55,64,"Brazil","Santos"
"496","Guilherme",209236,77,69,65,72,71,73,78,50,"Brazil","Olympiacos CFP"
"497","João Pedro",199254,77,72,76,74,76,40,67,60,"Brazil","Cagliari"
"498","Raúl",221540,77,51,54,58,55,77,80,51,"Brazil","SC Braga"
"499","Rodrygo",243812,77,85,72,69,81,32,57,42,"Brazil","Real Madrid"
"500","Marcelo",180334,77,51,46,58,54,75,86,62,"Brazil","Olympique Lyonnais"
"501","Pedro Henrique",219258,77,45,42,45,55,77,82,55,"Brazil","Vitória Guimarães"
"502","Galeno",239482,77,89,70,66,80,32,65,58,"Brazil","SC Braga"
"503","Formosandrinho",230524,77,81,77,60,73,24,64,44,"Brazil","Botafogo"
"504","Naldo",171919,77,50,65,62,60,79,69,60,"Brazil","RCD Espanyol"
"505","Naldo",171919,77,50,65,62,60,79,69,60,"Brazil","AS Monaco"
"506","Wendell",216466,77,82,49,73,78,72,72,54,"Brazil","Bayer 04 Leverkusen"
"507","Douglas",187570,77,78,75,71,77,37,74,375,"Brazil","Vitória Guimarães"
"508","Danilo",166072,77,48,40,49,52,80,62,41,"Brazil","Bologna"
"509","Carlos Eduardo",192708,77,70,77,76,73,61,74,42,"Brazil","Al Hilal"
"510","Raffael",144622,77,62,75,79,82,41,60,54,"Brazil","Borussia Mönchengladbach"
"511","Rafael",189681,77,80,60,74,79,74,77,47,"Brazil","Olympique Lyonnais"
"512","Bruno Viana",234226,77,66,42,55,57,79,76,40,"Brazil","SC Braga"
"513","Otávio",222715,77,66,53,66,72,78,76,54,"Brazil","FC Porto"
"514","Otávio",222715,77,66,53,66,72,78,76,54,"Brazil","FC Girondins de Bordeaux"
"515","Pablo Santos",239872,76,66,39,43,53,77,77,64,"Brazil","SC Braga"
"516","Duirval Diniz",230401,76,56,47,55,50,77,74,55,"Brazil","Club Athletico Paranaense"
"517","A. Chumacero",211338,74,72,68,73,74,64,74,48,"Bolivia","Puebla FC"
"518","M. Martins",181375,72,59,75,63,67,36,74,52,"Bolivia",""
"519","R. Cardozo",211339,70,74,59,67,68,55,53,55,"Bolivia",""
"520","C. Lampe",196885,69,66,71,62,70,32,68,337,"Bolivia",""
"521","H. Vaca",246067,69,76,65,66,70,34,55,50,"Bolivia",""
"522","D. Bejarano",216751,69,66,38,58,62,66,57,63,"Bolivia",""
"523","D. Bejarano",216751,69,66,38,58,62,66,57,63,"Bolivia",""
"524","M. Bejarano",196930,68,67,33,52,61,67,66,63,"Bolivia",""
"525","R. Cordano",247882,68,71,67,65,72,29,70,345,"Bolivia",""
"526","L. Haquin",246065,67,70,28,39,46,66,74,65,"Bolivia","Puebla FC"
"527","O. Ribera",246066,67,71,33,57,60,64,55,52,"Bolivia",""
"528","R. Vaca",247885,67,72,63,62,68,26,36,48,"Bolivia",""
"529","F. Saucedo",233569,67,60,46,64,62,68,56,41,"Bolivia",""
"530","G. Álvarez",196910,66,64,69,43,55,25,68,52,"Bolivia",""
"531","G. Valverde",211340,66,61,27,52,59,66,71,47,"Bolivia",""
"532","A. Jusino",247884,65,54,27,29,40,66,75,42,"Bolivia",""
"533","E. Saavedra",231301,65,70,49,46,59,64,52,43,"Bolivia",""
"534","S. Galindo",199830,65,70,53,68,64,46,60,51,"Bolivia",""
"535","R. Castro",225708,65,59,34,57,60,65,51,66,"Bolivia",""
"536","L. Justiniano",241131,65,57,36,55,54,66,58,50,"Bolivia",""
"537","M. Ortíz",241404,65,59,25,47,51,68,64,61,"Bolivia",""
"538","S. Torres",247883,64,71,29,53,52,60,69,55,"Bolivia",""
"539","L. Vaca",231575,64,68,64,58,64,23,52,43,"Bolivia",""
"540","D. Wayar",236242,64,61,35,57,56,65,55,56,"Bolivia",""
"541","M. Cuellar",251495,63,59,28,39,41,62,61,54,"Bolivia",""
"542","D. Bejarano",220540,63,72,40,59,65,53,69,60,"Bolivia",""
"543","D. Bejarano",220540,63,72,40,59,65,53,69,60,"Bolivia",""
"544","C. Añez",246407,63,71,30,50,52,63,51,50,"Bolivia",""
"545","P. Arano",246189,62,66,61,54,65,35,61,58,"Bolivia",""
"546","J. Rojas",251498,61,61,65,68,63,26,58,315,"Bolivia",""
"547","R. Fernández",248052,60,62,29,52,49,55,56,47,"Bolivia",""
"548","J. Carrasco",251496,55,63,25,35,36,56,54,40,"Bolivia",""
"549","S. Mandíquez",251700,81,80,80,56,74,29,80,52,"Ecuador",""
"550","F. Caicedo",175254,78,74,76,71,75,44,81,45,"Ecuador","Lazio"
"551","J. Monsario",251696,77,34,48,48,39,76,82,56,"Ecuador",""
"552","A. Zamorado",251691,76,57,78,81,77,36,59,41,"Ecuador",""
"553","A. Aguilmera",251692,76,33,47,54,49,76,83,55,"Ecuador",""
"554","K. Berlaso",251698,76,78,56,69,77,72,68,58,"Ecuador",""
"555","A. Mena",223053,76,83,72,71,78,44,48,48,"Ecuador","Club León"
"556","R. Ibarra",204738,76,92,65,70,77,53,74,50,"Ecuador","Club América"
"557","R. Ibarra",204738,76,92,65,70,77,53,74,50,"Ecuador","Pachuca"
"558","P. Vaquizo",251702,75,79,71,68,78,27,74,52,"Ecuador",""
"559","E. Valencia",220295,75,87,73,67,73,39,74,54,"Ecuador","Tigres U.A.N.L."
"560","J. Santigaro",251712,74,71,79,81,69,30,75,375,"Ecuador",""
"561","M. Bolaños",207653,73,81,70,66,74,25,63,54,"Ecuador","Club Tijuana"
"562","A. Alfárnez",251693,73,79,70,56,72,30,72,49,"Ecuador",""
"563","V. Sabanter",251701,73,66,48,66,65,71,76,55,"Ecuador",""
"564","E. Lardero",251710,73,76,74,55,66,24,77,50,"Ecuador",""
"565","J. Veria",251695,72,70,50,64,51,72,74,52,"Ecuador",""
"566","B. Vendaza",251718,72,62,36,62,62,72,76,62,"Ecuador",""
"567","A. Mina",225680,72,48,36,53,51,70,77,59,"Ecuador","Yeni Malatyaspor"
"568","C. Gruezo",221860,72,59,46,62,66,69,76,54,"Ecuador","FC Augsburg"
"569","J. Montero",186805,72,89,66,68,79,29,57,61,"Ecuador","Birmingham City"
"570","A. Preciado",241412,71,84,72,67,71,32,64,38,"Ecuador","Santos Laguna"
"571","C. Penilla",223054,71,82,66,67,71,28,62,58,"Ecuador","New England Revolution"
"572","G. Achilier",204406,71,39,19,43,46,72,76,60,"Ecuador","Monarcas Morelia"
"573","B. Angulo",246405,71,80,68,49,73,20,63,42,"Ecuador","Cruz Azul"
"574","E. Sancero",251694,70,68,66,69,71,52,57,71,"Ecuador",""
"575","A. Morenzo",251706,70,70,57,65,77,42,39,57,"Ecuador",""
"576","L. Conderia",251708,70,53,72,52,63,36,77,48,"Ecuador",""
"577","C. Lendezo",251713,70,88,65,55,76,26,59,60,"Ecuador",""
"578","S. Herreyra",251717,70,57,30,41,42,69,79,60,"Ecuador",""
"579","G. Plata",247181,70,83,64,61,76,28,60,57,"Ecuador","Sporting CP"
"580","A. Domínguez",199103,70,66,67,70,71,32,69,343,"Ecuador","Vélez Sarsfield"
"581","J. Plata",202184,70,85,65,68,72,34,60,61,"Ecuador","Real Salt Lake"
"582","J. Borgueray",251703,69,65,63,61,73,50,69,331,"Ecuador",""
"583","D. Palacios",245065,69,77,33,62,68,65,64,42,"Ecuador","Los Angeles FC"
"584","R. Ibarra",241498,69,86,62,66,68,36,67,50,"Ecuador","Club América"
"585","R. Ibarra",241498,69,86,62,66,68,36,67,50,"Ecuador","Pachuca"
"586","P. Estupiñán",237942,69,77,32,60,61,66,65,49,"Ecuador","CA Osasuna"
"587","S. Plaza",246203,69,85,65,53,66,26,72,47,"Ecuador","Real Valladolid CF"
"588","E. Castillo",244464,69,79,65,59,72,33,65,61,"Ecuador","Santos Laguna"
"589","J. Valencia",203249,69,83,58,63,73,42,62,64,"Ecuador","Brentford"
"590","J. Mejídez",251704,68,77,59,62,72,29,49,56,"Ecuador",""
"591","R. Mandive",251720,68,58,59,64,63,67,66,52,"Ecuador",""
"592","A. Chalá",236943,68,95,46,59,59,64,66,44,"Ecuador","Deportivo Toluca"
"593","J. Cevallos",212944,68,67,62,69,68,35,69,26,"Ecuador","Portimonense SC"
"594","M. Guerreyro",251699,67,70,43,67,68,47,65,65,"Ecuador",""
"595","J. Breitez",251705,67,78,34,54,63,69,77,55,"Ecuador",""
"596","M. Balda",251240,67,80,72,54,75,28,42,36,"Ecuador","Club Atlas"
"597","X. Arreaga",246406,67,53,24,37,31,69,71,47,"Ecuador","Seattle Sounders FC"
"598","J. Sierra",242069,67,72,63,65,68,59,62,50,"Ecuador","Querétaro"
"599","J. Doriado",251709,66,65,66,59,66,42,66,322,"Ecuador",""
"600","J. Intriago",241406,66,69,45,65,67,63,70,42,"Ecuador","FC Juárez"
"601","S. Méndez",246057,65,68,58,62,60,63,63,53,"Ecuador","Orlando City SC"
"602","F. Torres",252053,65,63,35,46,55,65,65,40,"Ecuador","Santos Laguna"
"603","J. Quiñónez",253223,64,73,57,60,65,60,70,54,"Ecuador","Willem II"
"604","K. Mercado",228069,64,87,60,55,67,24,56,50,"Ecuador","Club Necaxa"
"605","E. Ferigra",245689,60,56,33,38,38,61,57,55,"Ecuador","Ascoli"
"606","A. Vidal",181872,84,67,79,80,78,85,86,16,"Chile","FC Barcelona"
"607","C. Aránguiz",199042,83,63,72,82,81,75,73,55,"Chile","Bayer 04 Leverkusen"
"608","A. Sánchez",184941,82,81,78,77,85,44,73,60,"Chile","Inter"
"609","M. Díaz",176930,80,59,67,81,75,74,75,10,"Chile","Racing Club"
"610","F. Orellana",192492,79,75,75,78,81,40,45,65,"Chile","SD Eibar"
"611","G. Maripán",219145,78,40,33,48,46,78,79,54,"Chile","AS Monaco"
"612","G. Arias",223249,78,79,73,74,81,37,80,387,"Chile","Racing Club"
"613","E. Pulgar",213629,78,64,61,75,74,76,78,61,"Chile","Fiorentina"
"614","G. Medel",193532,78,68,47,65,69,77,84,42,"Chile","Bologna"
"615","E. Vargas",206655,77,80,76,70,80,39,67,54,"Chile","Tigres U.A.N.L."
"616","C. Bravo",174543,77,77,76,84,77,56,75,389,"Chile","Manchester City"
"617","E. Mena",209744,76,78,48,69,73,73,73,57,"Chile","Racing Club"
"618","P. Hernández",199827,76,61,71,73,71,64,74,55,"Chile","Independiente"
"619","F. Gutiérrez",203796,75,66,72,74,76,61,65,52,"Chile","Sporting Kansas City"
"620","J. Valdivia",157492,75,59,65,76,76,40,62,50,"Chile","Colo-Colo"
"621","D. Valdés",213597,75,79,68,72,74,52,70,45,"Chile","Santos Laguna"
"622","N. Castillo",212878,75,68,75,60,69,38,82,55,"Chile","Club América"
"623","M. Isla",187800,75,77,54,73,75,72,72,36,"Chile","Fenerbahçe SK"
"624","J. Fernandes",209827,75,78,74,69,77,35,76,54,"Chile","Alanyaspor"
"625","J. Fuenzalida",196069,75,90,63,71,79,64,64,58,"Chile","Universidad Católica"
"626","C. Villanueva",188414,75,61,70,75,76,50,48,64,"Chile","Al Ittihad"
"627","O. Opazo",214838,74,89,67,68,73,67,75,50,"Chile","Colo-Colo"
"628","E. Puch",215103,74,85,70,66,78,43,63,47,"Chile","Universidad Católica"
"629","F. Mora",213620,74,81,74,55,72,27,65,54,"Chile","U.N.A.M."
"630","I. Lichnovsky",214408,74,68,40,51,60,74,75,61,"Chile","Cruz Azul"
"631","L. Reyes",214717,74,67,59,66,71,71,74,62,"Chile","Club Atlas"
"632","E. Pavez",214294,73,78,67,66,72,69,84,50,"Chile",""
"633","F. Silva",203801,73,42,62,68,63,68,75,51,"Chile","Universidad Católica"
"634","C. Baeza",214302,73,70,67,70,72,67,74,5,"Chile","Club Necaxa"
"635","M. Pinilla",113045,73,55,74,55,63,32,76,20,"Chile","Coquimbo Unido"
"636","P. Díaz",214436,73,76,41,64,64,71,75,67,"Chile","River Plate"
"637","F. Campos",214446,73,83,45,64,64,69,78,65,"Chile","Colo-Colo"
"638","S. Vegas",219087,73,74,53,58,64,70,77,45,"Chile","Monarcas Morelia"
"639","B. Kuscevic",225236,73,70,41,54,59,72,77,48,"Chile","Universidad Católica"
"640","M. Fernández",174549,73,66,68,76,75,58,61,45,"Chile","Junior FC"
"641","E. Paredes",196073,73,62,74,67,70,34,71,54,"Chile","Colo-Colo"
"642","E. Roco",212225,72,39,41,54,56,72,76,61,"Chile","Beşiktaş JK"
"643","M. Iturra",176903,72,50,45,64,65,73,69,57,"Chile","Deportes Iquique"
"644","P. Aránguiz",226584,72,74,64,68,75,36,57,56,"Chile","Unión Española"
"645","B. Cortés",215086,72,71,73,66,74,48,70,354,"Chile","Colo-Colo"
"646","C. Suárez",213846,72,69,36,58,48,72,70,51,"Chile","CD Everton de Viña del Mar"
"647","J. Meneses",229469,72,85,63,65,74,31,72,52,"Chile","Club León"
"648","R. Gutiérrez",188269,72,64,72,53,67,31,73,62,"Chile","CD Palestino"
"649","A. Parot",214911,72,74,61,65,69,70,78,54,"Chile","Universidad Católica"
"650","M. Albornoz",192128,72,71,53,72,74,68,72,49,"Chile","Hannover 96"
"651","J. Beausejour",158851,72,85,63,67,73,68,80,55,"Chile","Universidad de Chile"
"652","A. Sagal",214817,71,76,70,62,67,51,74,58,"Chile","FC Juárez"
"653","S. Silva",218938,71,50,30,46,51,71,63,54,"Chile","Coquimbo Unido"
"654","G. Espinoza",205410,71,54,62,69,71,64,80,56,"Chile","Universidad de Chile"
"655","A. Henríquez",210296,71,75,70,60,67,29,61,60,"Chile","Universidad de Chile"
"656","C. Pinares",218747,71,82,66,67,73,35,66,50,"Chile","Universidad Católica"
"657","C. Toselli",189357,71,69,69,70,72,49,70,350,"Chile","Universidad Católica"
"658","M. Rodríguez",214718,71,88,65,62,73,46,64,51,"Chile","U.N.A.M."
"659","G. Jara",194795,71,58,47,61,62,69,76,57,"Chile","Estudiantes de La Plata"
"660","S. Magnasco",209660,71,81,43,59,66,66,78,68,"Chile","Universidad Católica"
"661","R. Caroca",214299,70,74,59,61,64,69,77,50,"Chile","Universidad de Chile"
"662","R. Fernández",214835,70,67,71,63,68,25,68,55,"Chile","Al Fayha"
"663","C. Vilches",214326,70,38,40,49,55,70,75,45,"Chile","Unión La Calera"
"664","R. Farfán",214854,70,91,60,62,71,34,60,53,"Chile","Coquimbo Unido"
"665","M. Bolados",214874,70,81,66,66,71,55,65,49,"Chile","Colo-Colo"
"666","C. Fuentes",218208,70,73,56,62,65,68,79,47,"Chile","Universidad Católica"
"667","J. Valdés",105318,70,59,69,75,73,48,54,49,"Chile","Colo-Colo"
"668","V. Huerta",214404,70,39,23,40,35,71,78,57,"Chile","Universidad Católica"
"669","D. Rojas",214919,70,67,63,69,74,37,54,59,"Chile","Unión La Calera"
"670","S. Ubilla",214418,70,91,67,60,73,36,60,50,"Chile","Universidad de Chile"
"671","M. Larrondo",184982,70,48,68,62,68,33,65,49,"Chile","Unión La Calera"
"672","P. Rubio",214685,70,73,70,59,69,26,71,55,"Chile","CD Universidad de Concepción"
"673","M. Navarrete",214700,70,61,41,50,54,70,75,52,"Chile","Unión La Calera"
"674","J. Fuentes",219091,70,69,53,61,62,68,79,53,"Chile","Estudiantes de La Plata"
"675","B. Rabello",209892,70,71,68,69,72,29,68,62,"Chile","CD Universidad de Concepción"
"676","R. Echeverría",221413,70,66,52,60,63,69,76,52,"Chile","Universidad de Chile"
"677","R. Millar",196072,70,52,67,71,70,63,70,42,"Chile","Monarcas Morelia"
"678","C. Jorquera",205555,70,68,66,71,75,50,62,60,"Chile","CD Palestino"
"679","I. Jeraldino",225270,70,69,68,47,65,27,65,48,"Chile","Audax Italiano"
"680","P. Galdames",219127,70,76,60,68,76,61,69,51,"Chile","Vélez Sarsfield"
"681","C. Labrín",206604,69,52,32,38,44,69,76,67,"Chile","Audax Italiano"
"682","G. Suazo",229649,69,70,62,63,72,64,73,53,"Chile","Colo-Colo"
"683","F. Schultz",214807,69,76,55,66,67,60,69,50,"Chile","CD Antofagasta"
"684","M. Campos",229144,69,73,69,46,67,31,67,51,"Chile","Universidad de Chile"
"685","Y. Leiva",222497,69,78,62,63,70,48,60,57,"Chile","Unión La Calera"
"686","J. Delgado",214313,69,78,63,62,71,41,63,54,"Chile","Club Necaxa"
"687","F. Flores",214320,69,76,66,60,69,28,67,54,"Chile","CD Antofagasta"
"688","J. Cornejo",213591,69,76,57,63,66,67,69,51,"Chile","Universidad Católica"
"689","A. Vilches",224344,69,68,65,54,68,21,67,63,"Chile","Colo-Colo"
"690","O. Bosso",213602,69,80,38,60,56,66,62,59,"Chile","Audax Italiano"
"691","B. Ampuero",225396,69,52,24,53,43,69,73,56,"Chile","CD Antofagasta"
"692","G. Soto",242306,69,74,24,55,65,66,61,53,"Chile","CD Palestino"
"693","C. Sepúlveda",214915,69,69,50,59,61,68,75,50,"Chile","CD Huachipato"
"694","F. Gallegos",210826,69,77,62,67,73,59,61,40,"Chile","Club Necaxa"
"695","A. Ramos",214922,69,91,64,55,73,31,67,64,"Chile","CD Everton de Viña del Mar"
"696","P. Magalhães",214412,69,74,43,62,62,68,74,58,"Chile","CD O'Higgins"
"697","S. Martínez",214413,69,67,54,63,66,65,67,53,"Chile","CD Huachipato"
"698","D. Sánchez",214703,69,72,68,68,70,47,63,341,"Chile","Unión Española"
"699","C. Valenzuela",214459,69,69,55,71,71,23,35,43,"Chile","CD Huachipato"
"700","J. Carreño",230598,69,73,61,66,69,61,71,45,"Chile","Universidad Católica"
"701","B. Carvallo",222154,69,78,60,63,74,27,48,59,"Chile","CD Everton de Viña del Mar"
"702","J. Herrera",174542,69,70,66,72,67,55,68,343,"Chile","Universidad de Chile"
"703","J. Muñoz",214753,69,79,60,61,71,39,67,61,"Chile","CD O'Higgins"
"704","R. de la Fuente",214759,69,75,52,63,69,65,70,61,"Chile","Colo-Colo"
"705","C. Carmona",188413,69,63,59,67,65,66,71,51,"Chile","Colo-Colo"
"706","B. Romo",203795,68,51,28,46,47,66,78,55,"Chile","CD Antofagasta"
"707","F. Seymour",203798,68,69,53,62,56,66,78,55,"Chile","Unión Española"
"708","C. Muñoz",203803,68,83,65,57,64,31,72,51,"Chile","CD Cobresal"
"709","G. Castellón",219941,68,66,63,57,72,41,66,324,"Chile","CD Huachipato"
"710","I. Ledezma",220201,68,63,67,61,72,32,53,52,"Chile","Audax Italiano"
"711","F. De Paul",229444,68,67,68,62,71,41,67,335,"Chile","Universidad de Chile"
"712","F. Manríquez",215118,68,57,63,71,65,59,56,53,"Chile","CD Universidad de Concepción"
"713","O. González",197973,68,39,49,62,55,67,71,60,"Chile","Universidad de Chile"
"714","O. Salinas",223857,68,89,63,56,69,28,72,55,"Chile","Deportes Iquique"
"715","P. Corral",229245,68,52,64,65,60,66,61,48,"Chile","Deportes Iquique"
"716","J. Abrigo",236956,68,77,57,64,70,39,49,45,"Chile","Audax Italiano"
"717","A. Contreras",214441,68,45,43,54,50,66,77,51,"Chile","CD O'Higgins"
"718","V. Dávila",225455,68,71,66,63,75,30,54,69,"Chile","Pachuca"
"719","D. Llanos",214724,68,78,65,57,61,27,65,62,"Chile","Unión Española"
"720","P. Garcés",187591,68,69,66,69,68,36,68,340,"Chile","CD Antofagasta"
"721","B. Vidal",214217,68,54,51,59,59,67,73,59,"Chile","Coquimbo Unido"
"722","G. Tello",238537,68,88,63,63,72,23,52,39,"Chile","Unión Española"
"723","I. González",214730,68,66,65,61,72,48,67,331,"Chile","CD Palestino"
"724","R. Osorio",219090,68,69,29,40,57,67,74,53,"Chile","CD O'Higgins"
"725","J. Rojas",174547,68,56,40,62,57,68,65,57,"Chile","CD Huachipato"
"726","A. Carrillo",203299,78,86,74,72,83,37,67,57,"Peru","Al Hilal"
"727","J. Farfán",158133,77,84,73,75,75,36,75,59,"Peru","Lokomotiv Moscow"
"728","R. Ruidíaz",204538,77,84,78,66,77,32,61,53,"Peru","Seattle Sounders FC"
"729","C. Pizarro",25420,75,34,77,73,75,37,64,51,"Peru","SV Werder Bremen"
"730","R. Tapia",220673,74,70,56,67,74,72,79,60,"Peru","Feyenoord"
"731","M. Trauco",225706,74,73,52,74,75,69,72,52,"Peru","AS Saint-Étienne"
"732","L. Advíncula",204539,74,94,64,70,76,66,76,62,"Peru","Rayo Vallecano"
"733","C. Zambrano",187132,74,58,48,57,66,74,73,65,"Peru","Dynamo Kyiv"
"734","Y. Yotún",204542,74,65,66,76,74,64,71,49,"Peru","Cruz Azul"
"735","P. Hurtado",211124,73,81,71,71,75,44,59,55,"Peru","Atiker Konyaspor"
"736","P. Aquino",236264,73,77,59,67,67,70,73,48,"Peru","Club León"
"737","P. Gallese",225701,72,74,67,69,73,47,69,352,"Peru",""
"738","C. Benavente",210112,72,73,69,68,74,34,45,49,"Peru","FC Nantes"
"739","L. Abram",234178,72,63,41,54,55,72,74,50,"Peru","Vélez Sarsfield"
"740","A. Callens",211522,71,46,33,49,51,69,76,56,"Peru","New York City FC"
"741","S. Peña",236259,71,65,67,70,71,55,60,46,"Peru","FC Emmen"
"742","Y. Reyna",214000,71,88,66,62,75,36,64,54,"Peru","Vancouver Whitecaps FC"
"743","M. Araujo",226002,70,66,36,47,54,71,66,61,"Peru","FC Emmen"
"744","E. Flores",210951,69,76,63,65,74,37,57,60,"Peru","Monarcas Morelia"
"745","C. Ascues",212509,69,63,57,56,63,67,74,53,"Peru","Orlando City SC"
"746","C. Cáceda",234054,69,69,69,65,72,29,71,346,"Peru",""
"747","G. Dulanto",228733,69,46,37,43,45,68,79,63,"Peru","Boavista FC"
"748","A. Santamaría",236260,69,65,61,64,64,70,69,53,"Peru","Club Atlas"
"749","Beto da Silva",231965,67,70,68,56,74,34,45,45,"Peru","Deportivo de La Coruña"
"750","A. Corzo",196688,67,70,36,56,59,67,57,54,"Peru",""
"751","G. Costa",247423,67,76,61,65,69,22,58,38,"Peru","Colo-Colo"
"752","A. Polo",223637,67,90,57,61,67,57,58,55,"Peru","Portland Timbers"
"753","P. Álvarez",250841,67,70,69,61,71,19,68,339,"Peru",""
"754","A. Succar",242486,66,76,66,53,62,26,66,60,"Peru","CD Huachipato"
"755","J. Ballón",196434,66,68,61,63,65,62,72,52,"Peru","CD Universidad de Concepción"
"756","J. Martínez",243859,66,80,62,60,71,23,60,55,"Peru","CF Fuenlabrada"
"757","M. López",246014,62,72,45,59,62,58,59,37,"Peru","San Jose Earthquakes"
"758","P. Prado",245402,60,67,35,56,54,56,46,53,"Peru","FC Nantes"
"759","P. Vivanco",248566,54,58,38,52,51,55,41,55,"Peru","CD Huachipato"
"760","L. Suárez",176580,89,73,89,80,84,51,84,153,"Uruguay","FC Barcelona"
"761","D. Godín",182493,88,60,48,64,61,89,83,49,"Uruguay","Inter"
"762","E. Cavani",179813,87,75,86,70,77,55,83,53,"Uruguay","Paris Saint-Germain"
"763","J. Giménez",216460,85,69,45,52,54,86,82,52,"Uruguay","Atlético Madrid"
"764","E. Schetino",245309,82,80,43,56,65,83,76,70,"Uruguay",""
"765","J. Sildero",245313,82,81,77,81,82,40,71,65,"Uruguay",""
"766","L. Torreira",223959,82,75,67,77,80,80,75,39,"Uruguay","Arsenal"
"767","S. Coates",197655,81,54,43,54,59,83,85,73,"Uruguay","Sporting CP"
"768","J. Frendado",245299,81,71,61,57,62,82,75,80,"Uruguay",""
"769","S. Ardero",245304,81,82,72,77,83,26,51,48,"Uruguay",""
"770","L. Dálves",245305,81,80,82,60,71,34,75,78,"Uruguay",""
"771","M. Gómez",239207,81,65,80,68,74,32,79,46,"Uruguay","Valencia CF"
"772","F. Muslera",182494,81,81,75,75,83,61,81,395,"Uruguay","Galatasaray SK"
"773","J. Serendero",245294,80,78,81,77,77,42,80,393,"Uruguay",""
"774","M. Baldona",245300,80,68,62,74,76,78,77,55,"Uruguay",""
"775","M. Nérez",245308,80,79,54,76,78,77,74,60,"Uruguay",""
"776","M. Vecino",219985,80,67,68,77,80,78,76,20,"Uruguay","Inter"
"777","F. Valverde",239053,80,74,70,75,77,70,77,45,"Uruguay","Real Madrid"
"778","L. Cabrera",192816,79,58,31,58,57,79,80,67,"Uruguay","Getafe CF"
"779","D. Lenzado",245298,79,70,48,60,52,79,78,54,"Uruguay",""
"780","E. Riquero",245302,79,81,57,72,76,78,74,62,"Uruguay",""
"781","L. Sáreda",245306,79,81,75,71,82,60,77,386,"Uruguay",""
"782","D. Suárez",203843,79,76,67,74,73,78,76,56,"Uruguay","Getafe CF"
"783","E. Aguerro",245315,79,84,79,65,80,27,66,48,"Uruguay",""
"784","N. Lodeiro",197225,79,71,72,80,81,49,70,61,"Uruguay","Seattle Sounders FC"
"785","C. Stuani",186537,79,69,78,69,75,48,83,63,"Uruguay","Girona FC"
"786","R. Bentancur",227535,79,72,58,78,81,70,74,55,"Uruguay","Juventus"
"787","G. Ramírez",201508,78,63,75,78,79,39,58,51,"Uruguay","Sampdoria"
"788","E. Guichón",245295,78,87,58,70,77,74,53,59,"Uruguay",""
"789","G. Quintana",245297,78,78,51,69,78,76,67,74,"Uruguay",""
"790","N. Nández",230965,78,77,67,72,77,76,83,50,"Uruguay","Cagliari"
"791","F. Contedo",245303,78,80,73,76,77,27,59,59,"Uruguay",""
"792","S. García",204385,78,66,80,62,71,27,84,53,"Uruguay","Godoy Cruz"
"793","M. Campaña",225647,78,79,75,73,80,45,79,386,"Uruguay","Independiente"
"794","D. Laxalt",213400,78,88,63,74,78,62,69,49,"Uruguay","Torino"
"795","M. Arambarri",232665,78,37,58,70,72,76,72,55,"Uruguay","Getafe CF"
"796","M. Cáceres",182495,78,74,51,65,70,79,73,15,"Uruguay","Fiorentina"
"797","G. Pereiro",229636,77,71,75,74,79,40,69,54,"Uruguay","PSV"
"798","L. Baezo",245301,77,71,70,69,71,78,83,55,"Uruguay",""
"799","A. Píriz",245311,77,80,68,77,77,34,63,54,"Uruguay",""
"800","S. Luna",245324,77,80,71,71,76,72,74,38,"Uruguay",""
"801","V. Castro",245325,77,72,62,74,69,75,81,48,"Uruguay",""
"802","M. Pereyra",204691,77,73,71,77,78,54,63,62,"Uruguay","Orlando City SC"
"803","J. Rodríguez",223816,76,85,76,62,73,37,76,53,"Uruguay","Cruz Azul"
"804","G. Ichazo",245322,76,58,50,61,49,75,79,53,"Uruguay",""
"805","M. Fagundez",245326,76,65,53,63,61,72,83,54,"Uruguay",""
"806","A. Vera",245327,76,76,76,61,73,33,64,62,"Uruguay",""
"807","E. Velázquez",225299,75,51,47,49,57,76,76,55,"Uruguay","Rayo Vallecano"
"808","E. Cabaco",236331,75,61,41,48,54,75,77,51,"Uruguay","Levante UD"
"809","B. Lozano",230967,75,84,70,71,78,38,58,51,"Uruguay","Santos Laguna"
"810","P. Dárenas",245307,75,77,76,61,73,36,72,359,"Uruguay",""
"811","L. Olaza",221832,75,78,71,72,74,71,70,56,"Uruguay","RC Celta"
"812","F. Ricca",232437,75,71,45,65,69,75,74,48,"Uruguay","Club Brugge KV"
"813","B. Fornaroli",189225,74,76,72,64,76,38,75,70,"Uruguay","Perth Glory"
"814","N. De la Cruz",240699,74,80,68,72,75,47,51,40,"Uruguay","River Plate"
"815","N. Vikonis",214076,74,73,75,69,74,42,72,363,"Uruguay","Puebla FC"
"816","S. Cristóforo",219712,74,57,58,67,69,72,68,64,"Uruguay","Fiorentina"
"817","M. Olivera",240716,74,77,50,64,68,73,74,68,"Uruguay","Getafe CF"
"818","M. Saracchi",240976,74,77,65,71,74,71,71,46,"Uruguay","RB Leipzig"
"819","C. Mayada",225646,74,93,65,68,74,67,77,60,"Uruguay","Atlético de San Luis"
"820","D. Rolán",213114,74,76,71,71,74,43,68,49,"Uruguay","FC Juárez"
"821","B. Alemán",215018,74,74,72,75,74,66,71,44,"Uruguay","Gimnasia y Esgrima La Plata"
"822","D. Rossi",241907,74,83,72,66,76,28,56,67,"Uruguay","Los Angeles FC"
"823","G. Silva",220702,73,69,55,68,67,74,73,49,"Uruguay","Independiente"
"824","M. Santos",230964,73,75,71,64,71,39,74,51,"Uruguay","FC København"
"825","P. Ceppelini",202558,73,71,64,73,76,42,66,62,"Uruguay","Atlético Nacional"
"826","F. Avenatti",219988,73,51,70,67,69,44,77,39,"Uruguay","Standard de Liège"
"827","S. Sosa",205409,73,73,68,66,75,41,74,356,"Uruguay","Monarcas Morelia"
"828","D. Zabala",232546,73,71,74,72,73,41,65,59,"Uruguay","Rosario Central"
"829","C. de Pena",231012,73,75,60,70,72,27,51,56,"Uruguay","Dynamo Kyiv"
"830","S. Ribas",185199,73,64,74,51,66,30,74,54,"Uruguay","Rosario Central"
"831","S. Viera",161663,73,71,70,72,75,39,73,361,"Uruguay","Junior FC"
"832","L. Burián",176526,73,71,70,71,74,41,73,359,"Uruguay","Club Atlético Colón"
"833","J. Urretaviscaya",189338,73,77,70,72,74,34,61,56,"Uruguay","Monterrey"
"834","G. Brugman",205726,73,72,59,73,73,60,65,54,"Uruguay","Parma"
"835","E. Conde",186355,73,73,73,62,72,31,73,353,"Uruguay","Club Atlético Banfield"
"836","M. de los Santos",239645,72,54,55,55,54,69,84,49,"Uruguay","Vélez Sarsfield"
"837","J. Arias",240168,72,61,73,52,68,28,70,57,"Uruguay","Club Atlético Banfield"
"838","A. Espino",247131,72,76,59,62,64,69,74,46,"Uruguay","Cádiz CF"
"839","C. Falletti",220084,72,81,64,69,78,33,61,42,"Uruguay","Club Tijuana"
"840","O. Rivero",223685,72,72,71,48,69,25,76,61,"Uruguay","Santos Laguna"
"841","D. Rodríguez",213974,72,67,57,66,67,69,73,53,"Uruguay","Defensa y Justicia"
"842","G. Fernández",251611,72,66,71,59,67,52,78,49,"Uruguay","RC Celta"
"843","M. Aguirregaray",199392,72,76,54,68,71,68,77,54,"Uruguay","Al Fateh"
"844","S. Silva",139799,71,35,73,62,64,44,72,59,"Uruguay","Argentinos Juniors"
"845","J. Cabrera",224317,71,83,60,66,71,32,60,55,"Uruguay","Melbourne City FC"
"846","D. Polenta",188485,71,67,39,58,56,69,81,48,"Uruguay","LA Galaxy"
"847","F. Gorriarán",240471,71,74,66,74,75,47,49,46,"Uruguay","Santos Laguna"
"848","M. Abero",210532,71,70,52,57,61,72,83,42,"Uruguay","Patronato"
"849","M. Suárez",246387,71,77,42,59,60,71,76,57,"Uruguay","Montpellier HSC"
"850","M. Goicoechea",211327,71,71,68,71,73,51,68,351,"Uruguay","Toulouse Football Club"
"851","G. Zarfino",243989,70,55,63,61,66,68,79,52,"Uruguay","Extremadura UD"
"852","I. Rivero",228892,70,67,53,68,68,65,71,59,"Uruguay","Club Tijuana"
"853","C. Oliva",247076,70,64,59,68,68,69,68,54,"Uruguay","Cagliari"
"854","G. Kagelmacher",192594,70,64,44,66,62,71,70,58,"Uruguay","KV Kortrijk"
"855","W. Camacho",215159,70,72,70,66,72,57,69,51,"Uruguay","Club Tijuana"
"856","J. Báez",231050,70,74,65,66,73,31,55,45,"Uruguay","Cosenza"
"857","D. Texeira",205963,70,68,71,56,67,27,70,51,"Uruguay","Moreirense FC"
"858","M. Lemos",229270,70,63,54,59,68,69,70,51,"Uruguay","UD Las Palmas"
"859","D. Fagundez",201895,70,75,65,68,75,39,58,46,"Uruguay","New England Revolution"
"860","G. Varela",219914,69,78,34,56,67,67,71,66,"Uruguay","FC København"
"861","D. Vera",182864,69,53,68,62,67,35,69,61,"Uruguay","Curicó Unido"
"862","J. Iglesias",223581,69,65,60,68,69,63,66,49,"Uruguay","Clermont Foot 63"
"863","M. Cabrera",213113,69,66,60,72,75,62,61,20,"Uruguay","Deportivo Cali"
"864","M. Mier",214918,69,53,68,69,70,52,70,44,"Uruguay","La Equidad"
"865","M. Silva",200395,69,37,35,50,51,66,78,45,"Uruguay","Real Salt Lake"
"866","R. Arias",227549,69,50,27,40,53,69,73,56,"Uruguay","San Lorenzo de Almagro"
"867","M. Fernández",238837,69,56,27,45,44,71,69,50,"Uruguay","Audax Italiano"
"868","M. Cauteruccio",215292,69,65,69,61,68,36,70,46,"Uruguay","Cruz Azul"
"869","L. Fernández",252935,68,70,66,67,67,41,63,55,"Uruguay","Universidad de Chile"
"870","J. Sandoval",240689,68,72,53,57,64,67,74,53,"Uruguay","Argentinos Juniors"
"871","F. Gino",230984,68,60,49,67,67,66,67,53,"Uruguay","Club Atlético Aldosivi"
"872","W. López",177741,68,67,47,66,59,61,73,53,"Uruguay","US Salernitana 1919"
"873","J. Lacerda",197966,68,55,43,56,52,66,74,50,"Uruguay","FC Juárez"
"874","F. Guichón",225391,68,68,60,69,68,51,67,44,"Uruguay","Deportes Iquique"
"875","A. Rolin",211328,68,56,28,36,48,67,69,48,"Uruguay","CD Universidad de Concepción"
"876","A. Rogel",252074,68,53,29,46,54,66,78,44,"Uruguay","Toulouse Football Club"
"877","J. Aja",235280,67,60,37,40,46,65,78,39,"Uruguay","Unión Española"
"878","J. Méndez",246817,67,62,48,62,66,61,73,44,"Uruguay","Unión de Santa Fe"
"879","R. Rodríguez",211249,67,71,46,59,59,65,81,46,"Uruguay","Newell's Old Boys"
